Page URL,Image URL,Issue
https://technologyrental.sg/tablet-rental/,https://technologyrental.sg/wp-content/uploads/2024/05/iPad-9th-Gen-10.2_-WiFi-Cell.png,"HTTP 200, naturalWidth=0"
https://technologyrental.sg/tablet-rental/,https://technologyrental.sg/wp-content/uploads/2024/05/iPad-8th-Gen-Wi-Fi.png,"HTTP 200, naturalWidth=0"
https://technologyrental.sg/tablet-rental/,https://technologyrental.sg/wp-content/uploads/2024/05/iPad-8th-Gen-Wi-Fi-Cell.png,"HTTP 200, naturalWidth=0"
https://technologyrental.sg/tablet-rental/,https://technologyrental.sg/wp-content/uploads/2024/05/iPad-7th-Gen-10.2_-WiFi.png,"HTTP 200, naturalWidth=0"
https://technologyrental.sg/tablet-rental/,https://technologyrental.sg/wp-content/uploads/2024/05/iPad-7th-Gen-10.2_-WiFi-Cell.png,"HTTP 200, naturalWidth=0"
https://technologyrental.sg/tablet-rental/,https://technologyrental.sg/wp-content/uploads/2024/05/iPad-6th-Gen-9.7-Wi-Fi.png,"HTTP 200, naturalWidth=0"
https://technologyrental.sg/tablet-rental/,https://technologyrental.sg/wp-content/uploads/2024/05/iPad-6th-Gen-9.7-Wi-Fi-Cell.png,"HTTP 200, naturalWidth=0"
https://technologyrental.sg/tablet-rental/,https://technologyrental.sg/wp-content/uploads/2024/05/iPad-mini-5-Wi-Fi.png,"HTTP 200, naturalWidth=0"
https://technologyrental.sg/tablet-rental/,https://technologyrental.sg/wp-content/uploads/2024/05/iPad-mini-5-Wi-Fi-Cell.png,"HTTP 200, naturalWidth=0"
https://technologyrental.sg/tablet-rental/,https://technologyrental.sg/wp-content/uploads/2024/05/iPad-mini-4-Wi-Fi.png,"HTTP 200, naturalWidth=0"
https://technologyrental.sg/tablet-rental/,https://technologyrental.sg/wp-content/uploads/2024/05/iPad-mini-4-Wi-Fi-Cell.png,"HTTP 200, naturalWidth=0"
https://technologyrental.sg/tablet-rental/,https://technologyrental.sg/wp-content/uploads/2024/05/microsoft-service-pro.png,"HTTP 200, naturalWidth=0"
https://technologyrental.sg/tablet-rental/,https://technologyrental.sg/wp-content/uploads/2024/05/Surface-Pro-Keyboard.png,"HTTP 200, naturalWidth=0"
https://technologyrental.sg/tablet-rental/,https://technologyrental.sg/wp-content/uploads/2024/05/Microsoft-Arc-Mouse.png,"HTTP 200, naturalWidth=0"
https://technologyrental.sg/tablet-rental/,https://technologyrental.sg/wp-content/uploads/2024/05/Surface-Pro-Pens.png,"HTTP 200, naturalWidth=0"
https://technologyrental.sg/tablet-rental/,https://technologyrental.sg/wp-content/uploads/2024/05/CTA.jpg,"HTTP 200, naturalWidth=0"
https://technologyrental.sg/tablet-rental/,https://technologyrental.sg/wp-content/uploads/2025/05/24-hours.png,"HTTP 200, naturalWidth=0"
https://technologyrental.sg/tablet-rental/,https://technologyrental.sg/wp-content/uploads/2025/05/wordwide_delivery.png,"HTTP 200, naturalWidth=0"
https://technologyrental.sg/tablet-rental/,https://technologyrental.sg/wp-content/uploads/2025/05/inventory.png,"HTTP 200, naturalWidth=0"
https://technologyrental.sg/tablet-rental/,https://technologyrental.sg/wp-content/uploads/2025/05/worldwide_presence.png,"HTTP 200, naturalWidth=0"
https://technologyrental.sg/tablet-rental/,https://technologyrental.sg/wp-content/uploads/2025/05/flexible.png,"HTTP 200, naturalWidth=0"
https://technologyrental.sg/tablet-rental/,https://technologyrental.sg/wp-content/uploads/2025/05/tested_approved.png,"HTTP 200, naturalWidth=0"
https://technologyrental.sg/tablet-rental/,https://technologyrental.sg/wp-content/uploads/2024/11/4g_lte_mifi_router.png,"HTTP 200, naturalWidth=0"
https://technologyrental.sg/tablet-rental/,https://technologyrental.sg/wp-content/uploads/2025/07/tablet_rental.webp,"HTTP 200, naturalWidth=0"
https://technologyrental.sg/tablet-rental/,https://technologyrental.sg/wp-content/uploads/2024/09/microsoft_surface_pro.png,"HTTP 200, naturalWidth=0"
https://technologyrental.sg/tablet-rental/,https://technologyrental.sg/wp-content/uploads/2024/11/ipad_10th_gen_10.9_wifi_cell.png,"HTTP 200, naturalWidth=0"
https://technologyrental.sg/ipad-hire/,https://technologyrental.sg/wp-content/uploads/2023/05/iPad-10th-Gen-10.2_-WiFi.jpg,"HTTP 200, naturalWidth=0"
https://technologyrental.sg/ipad-hire/,https://technologyrental.sg/wp-content/uploads/2023/05/iPad-10th-Gen-10.2_-WiFi-Cell.jpg,"HTTP 200, naturalWidth=0"
https://technologyrental.sg/ipad-hire/,https://technologyrental.sg/wp-content/uploads/2023/05/iPad-9th-Gen-10.2_-WiFi.jpg,"HTTP 200, naturalWidth=0"
https://technologyrental.sg/ipad-hire/,https://technologyrental.sg/wp-content/uploads/2023/05/iPad-9th-Gen-10.2_-WiFi-2.jpg,"HTTP 200, naturalWidth=0"
https://technologyrental.sg/ipad-hire/,https://technologyrental.sg/wp-content/uploads/2023/05/iPad-7th-Gen-10.2_-WiFi.jpg,"HTTP 200, naturalWidth=0"
https://technologyrental.sg/ipad-hire/,https://technologyrental.sg/wp-content/uploads/2023/05/iPad-7th-Gen-10.2_-WiFi-Cell.jpg,"HTTP 200, naturalWidth=0"
https://technologyrental.sg/ipad-hire/,https://technologyrental.sg/wp-content/uploads/2023/11/30.jpg,"HTTP 200, naturalWidth=0"
https://technologyrental.sg/ipad-hire/,https://technologyrental.sg/wp-content/uploads/2023/05/iPad-7th-Gen-10.2_-WiFi.jpg,"HTTP 200, naturalWidth=0"
https://technologyrental.sg/ipad-hire/,https://technologyrental.sg/wp-content/uploads/2023/03/iPad-Pro-Hire.jpg,"HTTP 200, naturalWidth=0"
https://technologyrental.sg/ipad-hire/,https://technologyrental.sg/wp-content/uploads/2023/03/iPad-Pro-Hire.jpg,"HTTP 200, naturalWidth=0"
https://technologyrental.sg/ipad-hire/,https://technologyrental.sg/wp-content/uploads/2023/03/iPad-5th-Gen-9.7-Wifi-Cell.jpg,"HTTP 200, naturalWidth=0"
https://technologyrental.sg/ipad-hire/,https://technologyrental.sg/wp-content/uploads/2023/03/iPad-5th-Gen-9.7-Wifi-Cell.jpg,"HTTP 200, naturalWidth=0"
https://technologyrental.sg/ipad-hire/,https://technologyrental.sg/wp-content/uploads/2023/03/iPad-5th-Gen-9.7-Wifi-Cell.jpg,"HTTP 200, naturalWidth=0"
https://technologyrental.sg/ipad-hire/,https://technologyrental.sg/wp-content/uploads/2023/03/iPad-5th-Gen-9.7-Wifi-Cell.jpg,"HTTP 200, naturalWidth=0"
https://technologyrental.sg/ipad-hire/,https://technologyrental.sg/wp-content/uploads/2024/11/ipad_10th_gen_10.9_wifi_cell.png,"HTTP 200, naturalWidth=0"
https://technologyrental.sg/ipad-hire/,https://technologyrental.sg/wp-content/uploads/2024/09/hp_laptop.png,"HTTP 200, naturalWidth=0"
https://technologyrental.sg/ipad-hire/,https://technologyrental.sg/wp-content/uploads/2024/10/space_360_stand.png,"HTTP 200, naturalWidth=0"
https://technologyrental.sg/ipad-hire/,https://technologyrental.sg/wp-content/uploads/2024/11/iphone_13.png,"HTTP 200, naturalWidth=0"
https://technologyrental.sg/ipad-mini-rental/,https://technologyrental.sg/wp-content/uploads/2024/11/ipad_10th_gen_10.9_wifi_cell.png,"HTTP 200, naturalWidth=0"
https://technologyrental.sg/ipad-mini-rental/,https://technologyrental.sg/wp-content/uploads/2025/07/tablet_rental.webp,"HTTP 200, naturalWidth=0"
https://technologyrental.sg/ipad-mini-rental/,https://technologyrental.sg/wp-content/uploads/2024/09/hp_laptop.png,"HTTP 200, naturalWidth=0"
https://technologyrental.sg/ipad-mini-rental/,https://technologyrental.sg/wp-content/uploads/2024/11/iphone_12.png,"HTTP 200, naturalWidth=0"
https://technologyrental.sg/ipad-pro-rental/,https://technologyrental.sg/wp-content/uploads/2024/05/iPad-Pro-10.5-Wi-Fi-Cellular.png,"HTTP 200, naturalWidth=0"
https://technologyrental.sg/ipad-pro-rental/,https://technologyrental.sg/wp-content/uploads/2024/05/iPad-Pro-10.5-Wi-Fi-Cellular.png,"HTTP 200, naturalWidth=0"
https://technologyrental.sg/ipad-pro-rental/,https://technologyrental.sg/wp-content/uploads/2024/10/Registration_Stations.webp,"HTTP 200, naturalWidth=0"
https://technologyrental.sg/ipad-pro-rental/,https://technologyrental.sg/wp-content/uploads/2024/10/Onsite_Badge_Printing.webp,"HTTP 200, naturalWidth=0"
https://technologyrental.sg/ipad-pro-rental/,https://technologyrental.sg/wp-content/uploads/2024/10/Point_of_Sale_Solutions.webp,"HTTP 200, naturalWidth=0"
https://technologyrental.sg/ipad-pro-rental/,https://technologyrental.sg/wp-content/uploads/2024/10/Event_App_Integration.webp,"HTTP 200, naturalWidth=0"
https://technologyrental.sg/ipad-pro-rental/,https://technologyrental.sg/wp-content/uploads/2025/05/24-hours.png,"HTTP 200, naturalWidth=0"
https://technologyrental.sg/ipad-pro-rental/,https://technologyrental.sg/wp-content/uploads/2025/05/wordwide_delivery.png,"HTTP 200, naturalWidth=0"
https://technologyrental.sg/ipad-pro-rental/,https://technologyrental.sg/wp-content/uploads/2025/05/inventory.png,"HTTP 200, naturalWidth=0"
https://technologyrental.sg/ipad-pro-rental/,https://technologyrental.sg/wp-content/uploads/2025/05/worldwide_presence.png,"HTTP 200, naturalWidth=0"
https://technologyrental.sg/ipad-pro-rental/,https://technologyrental.sg/wp-content/uploads/2025/05/flexible.png,"HTTP 200, naturalWidth=0"
https://technologyrental.sg/ipad-pro-rental/,https://technologyrental.sg/wp-content/uploads/2025/05/tested_approved.png,"HTTP 200, naturalWidth=0"
https://technologyrental.sg/ipad-pro-rental/,https://technologyrental.sg/wp-content/uploads/2024/11/ipad_pro_10.5_wifi.png,"HTTP 200, naturalWidth=0"
https://technologyrental.sg/ipad-pro-rental/,https://technologyrental.sg/wp-content/uploads/2024/11/bluetooth_keyboard.png,"HTTP 200, naturalWidth=0"
https://technologyrental.sg/ipad-pro-rental/,https://technologyrental.sg/wp-content/uploads/elementor/thumbs/Space-260-Stand-by-Maclocks-for-10.2-iPad-q6tnr6je9goeg7zj7s4jwzhhd9yerf8t3n8veyynx4.png,"HTTP 200, naturalWidth=0"
https://technologyrental.sg/ipad-pro-rental/,https://technologyrental.sg/wp-content/uploads/elementor/thumbs/Ruckus-ZoneFlex-R610-Indoor-AP-q3qqtdpgsligz8s6qd8ym8k9pwpmcpdnjzllwqaly0.jpg,"HTTP 200, naturalWidth=0"
https://technologyrental.sg/cellular-ipad-rental/,https://technologyrental.sg/wp-content/uploads/2023/03/iPad-5th-Gen-9.7-Wifi-Cell.jpg,"HTTP 200, naturalWidth=0"
https://technologyrental.sg/cellular-ipad-rental/,https://technologyrental.sg/wp-content/uploads/2023/03/iPad-5th-Gen-9.7-Wifi-Cell.jpg,"HTTP 200, naturalWidth=0"
https://technologyrental.sg/cellular-ipad-rental/,https://technologyrental.sg/wp-content/uploads/2024/11/ipad_10th_gen_10.9_wifi_cell.png,"HTTP 200, naturalWidth=0"
https://technologyrental.sg/cellular-ipad-rental/,https://technologyrental.sg/wp-content/uploads/elementor/thumbs/White-iPad-Floor-Stand-q3qqtenazfjrauqtkvnl6qbqbakzkehdw493e097rs.jpg,"HTTP 200, naturalWidth=0"
https://technologyrental.sg/cellular-ipad-rental/,https://technologyrental.sg/wp-content/uploads/2024/09/hp_laptop.png,"HTTP 200, naturalWidth=0"
https://technologyrental.sg/cellular-ipad-rental/,https://technologyrental.sg/wp-content/uploads/2024/11/iphone_12.png,"HTTP 200, naturalWidth=0"
https://technologyrental.sg/ipad-stand-rental/,https://technologyrental.sg/wp-content/uploads/2023/03/Heckler-Stand.jpg,"HTTP 200, naturalWidth=0"
https://technologyrental.sg/ipad-stand-rental/,https://technologyrental.sg/wp-content/uploads/2024/10/space_360_stand.png,"HTTP 200, naturalWidth=0"
https://technologyrental.sg/ipad-stand-rental/,https://technologyrental.sg/wp-content/uploads/2023/05/Space-260-Stand-by-Maclocks-for-10.2-iPad.png,"HTTP 200, naturalWidth=0"
https://technologyrental.sg/ipad-stand-rental/,https://technologyrental.sg/wp-content/uploads/2023/03/Quadstand-for-Multiple-iPads.jpg,"HTTP 200, naturalWidth=0"
https://technologyrental.sg/ipad-stand-rental/,https://technologyrental.sg/wp-content/uploads/2024/11/4g_lte_mifi_router.png,"HTTP 200, naturalWidth=0"
https://technologyrental.sg/ipad-stand-rental/,https://technologyrental.sg/wp-content/uploads/2025/07/tablet_rental.webp,"HTTP 200, naturalWidth=0"
https://technologyrental.sg/ipad-stand-rental/,https://technologyrental.sg/wp-content/uploads/2024/11/apple_single_usb_plug.png,"HTTP 200, naturalWidth=0"
https://technologyrental.sg/ipad-stand-rental/,https://technologyrental.sg/wp-content/uploads/2024/11/iphone_12.png,"HTTP 200, naturalWidth=0"
https://technologyrental.sg/ipad-pro-12-9-rental/,https://technologyrental.sg/wp-content/uploads/2024/10/Registration_Stations.webp,"HTTP 200, naturalWidth=0"
https://technologyrental.sg/ipad-pro-12-9-rental/,https://technologyrental.sg/wp-content/uploads/2024/10/Onsite_Badge_Printing.webp,"HTTP 200, naturalWidth=0"
https://technologyrental.sg/ipad-pro-12-9-rental/,https://technologyrental.sg/wp-content/uploads/2024/10/Point_of_Sale_Solutions.webp,"HTTP 200, naturalWidth=0"
https://technologyrental.sg/ipad-pro-12-9-rental/,https://technologyrental.sg/wp-content/uploads/2024/10/Event_App_Integration.webp,"HTTP 200, naturalWidth=0"
https://technologyrental.sg/ipad-pro-12-9-rental/,https://technologyrental.sg/wp-content/uploads/2025/05/24-hours.png,"HTTP 200, naturalWidth=0"
https://technologyrental.sg/ipad-pro-12-9-rental/,https://technologyrental.sg/wp-content/uploads/2025/05/wordwide_delivery.png,"HTTP 200, naturalWidth=0"
https://technologyrental.sg/ipad-pro-12-9-rental/,https://technologyrental.sg/wp-content/uploads/2025/05/inventory.png,"HTTP 200, naturalWidth=0"
https://technologyrental.sg/ipad-pro-12-9-rental/,https://technologyrental.sg/wp-content/uploads/2025/05/worldwide_presence.png,"HTTP 200, naturalWidth=0"
https://technologyrental.sg/ipad-pro-12-9-rental/,https://technologyrental.sg/wp-content/uploads/2025/05/flexible.png,"HTTP 200, naturalWidth=0"
https://technologyrental.sg/ipad-pro-12-9-rental/,https://technologyrental.sg/wp-content/uploads/2025/05/tested_approved.png,"HTTP 200, naturalWidth=0"
https://technologyrental.sg/ipad-pro-12-9-rental/,https://technologyrental.sg/wp-content/uploads/2025/07/tablet_rental.webp,"HTTP 200, naturalWidth=0"
https://technologyrental.sg/ipad-pro-12-9-rental/,https://technologyrental.sg/wp-content/uploads/2024/11/dell_laptop.png,"HTTP 200, naturalWidth=0"
https://technologyrental.sg/ipad-pro-12-9-rental/,https://technologyrental.sg/wp-content/uploads/2024/11/bluetooth_keyboard.png,"HTTP 200, naturalWidth=0"
https://technologyrental.sg/ipad-pro-12-9-rental/,https://technologyrental.sg/wp-content/uploads/2024/11/iphone_13.png,"HTTP 200, naturalWidth=0"
https://technologyrental.sg/ipad-accessory-hire/,https://technologyrental.sg/wp-content/uploads/2024/11/heckler_stand_1.png,"HTTP 200, naturalWidth=0"
https://technologyrental.sg/ipad-accessory-hire/,https://technologyrental.sg/wp-content/uploads/2024/11/Black_MoonBase_Stand.png,"HTTP 200, naturalWidth=0"
https://technologyrental.sg/ipad-accessory-hire/,https://technologyrental.sg/wp-content/uploads/2024/11/floor_stand.png,"HTTP 200, naturalWidth=0"
https://technologyrental.sg/ipad-accessory-hire/,https://technologyrental.sg/wp-content/uploads/2024/11/quadstand_for_multiple_ipads_1.png,"HTTP 200, naturalWidth=0"
https://technologyrental.sg/ipad-accessory-hire/,https://technologyrental.sg/wp-content/uploads/2024/11/black_tripod_stand.png,"HTTP 200, naturalWidth=0"
https://technologyrental.sg/ipad-accessory-hire/,https://technologyrental.sg/wp-content/uploads/2024/10/desktop_stand.png,"HTTP 200, naturalWidth=0"
https://technologyrental.sg/ipad-accessory-hire/,https://technologyrental.sg/wp-content/uploads/2024/11/ipad_wall_mount.png,"HTTP 200, naturalWidth=0"
https://technologyrental.sg/ipad-accessory-hire/,https://technologyrental.sg/wp-content/uploads/2024/11/branded_ipad_stand.png,"HTTP 200, naturalWidth=0"
https://technologyrental.sg/ipad-accessory-hire/,https://technologyrental.sg/wp-content/uploads/2024/11/foldable_ipad_stand.png,"HTTP 200, naturalWidth=0"
https://technologyrental.sg/ipad-accessory-hire/,https://technologyrental.sg/wp-content/uploads/2024/11/kensington_lock.png,"HTTP 200, naturalWidth=0"
https://technologyrental.sg/ipad-accessory-hire/,https://technologyrental.sg/wp-content/uploads/2024/11/field_drive_kiosk.png,"HTTP 200, naturalWidth=0"
https://technologyrental.sg/ipad-accessory-hire/,https://technologyrental.sg/wp-content/uploads/2024/11/ipad_leather_cases.png,"HTTP 200, naturalWidth=0"
https://technologyrental.sg/ipad-accessory-hire/,https://technologyrental.sg/wp-content/uploads/2024/11/neck_strap.png,"HTTP 200, naturalWidth=0"
https://technologyrental.sg/ipad-accessory-hire/,https://technologyrental.sg/wp-content/uploads/2024/11/air_strap_case.png,"HTTP 200, naturalWidth=0"
https://technologyrental.sg/ipad-accessory-hire/,https://technologyrental.sg/wp-content/uploads/2024/11/wheeled_ipad_transport_case.png,"HTTP 200, naturalWidth=0"
https://technologyrental.sg/ipad-accessory-hire/,https://technologyrental.sg/wp-content/uploads/2024/11/ipad_pro_smart_keyboard_folio.png,"HTTP 200, naturalWidth=0"
https://technologyrental.sg/ipad-accessory-hire/,https://technologyrental.sg/wp-content/uploads/2024/11/bluetooth_keyboard.png,"HTTP 200, naturalWidth=0"
https://technologyrental.sg/ipad-accessory-hire/,https://technologyrental.sg/wp-content/uploads/2024/11/owr_20_port_usb_charge_hub.png,"HTTP 200, naturalWidth=0"
https://technologyrental.sg/ipad-accessory-hire/,https://technologyrental.sg/wp-content/uploads/2024/11/owr_power_bank.png,"HTTP 200, naturalWidth=0"
https://technologyrental.sg/ipad-accessory-hire/,https://technologyrental.sg/wp-content/uploads/2024/11/owr_20_port_usb_charge_hub.png,"HTTP 200, naturalWidth=0"
https://technologyrental.sg/ipad-accessory-hire/,https://technologyrental.sg/wp-content/uploads/2024/11/stylus_pro_pens.png,"HTTP 200, naturalWidth=0"
https://technologyrental.sg/ipad-accessory-hire/,https://technologyrental.sg/wp-content/uploads/2024/11/apple_pencil_for_ipads.png,"HTTP 200, naturalWidth=0"
https://technologyrental.sg/ipad-accessory-hire/,https://technologyrental.sg/wp-content/uploads/2024/11/4g_5g_sim_cards.png,"HTTP 200, naturalWidth=0"
https://technologyrental.sg/ipad-accessory-hire/,https://technologyrental.sg/wp-content/uploads/2024/11/Stylish_iPad_Accessories.webp,"HTTP 200, naturalWidth=0"
https://technologyrental.sg/ipad-accessory-hire/,https://technologyrental.sg/wp-content/uploads/2025/05/garantee.png,"HTTP 200, naturalWidth=0"
https://technologyrental.sg/ipad-accessory-hire/,https://technologyrental.sg/wp-content/uploads/2025/05/wordwide_delivery.png,"HTTP 200, naturalWidth=0"
https://technologyrental.sg/ipad-accessory-hire/,https://technologyrental.sg/wp-content/uploads/2025/05/inventory.png,"HTTP 200, naturalWidth=0"
https://technologyrental.sg/ipad-accessory-hire/,https://technologyrental.sg/wp-content/uploads/2025/05/worldwide_presence.png,"HTTP 200, naturalWidth=0"
https://technologyrental.sg/ipad-accessory-hire/,https://technologyrental.sg/wp-content/uploads/2025/05/flexible.png,"HTTP 200, naturalWidth=0"
https://technologyrental.sg/ipad-accessory-hire/,https://technologyrental.sg/wp-content/uploads/2025/05/garantee.png,"HTTP 200, naturalWidth=0"
https://technologyrental.sg/ipad-accessory-hire/,https://technologyrental.sg/wp-content/uploads/2024/11/iphone_12.png,"HTTP 200, naturalWidth=0"
https://technologyrental.sg/ipad-accessory-hire/,https://technologyrental.sg/wp-content/uploads/2024/11/foldable_ipad_stand-1.png,"HTTP 200, naturalWidth=0"
https://technologyrental.sg/ipad-kiosks-stands/,https://technologyrental.sg/wp-content/uploads/2023/03/iPad-Wall-Mount.jpg,"HTTP 200, naturalWidth=0"
https://technologyrental.sg/ipad-kiosks-stands/,https://technologyrental.sg/wp-content/uploads/2023/03/Foldable-iPad-Stand.jpg,"HTTP 200, naturalWidth=0"
https://technologyrental.sg/ipad-kiosks-stands/,https://technologyrental.sg/wp-content/uploads/2023/03/Branded-iPad-Stand.jpg,"HTTP 200, naturalWidth=0"
https://technologyrental.sg/ipad-kiosks-stands/,https://technologyrental.sg/wp-content/uploads/2024/09/hp_laptop.png,"HTTP 200, naturalWidth=0"
https://technologyrental.sg/ipad-kiosks-stands/,https://technologyrental.sg/wp-content/uploads/elementor/thumbs/iPad-Pro-Smart-Keyboard-Folio-q3qqtcrmlrh6nmtjvuuc1qst4iu9509x7uy4fgc048.jpg,"HTTP 200, naturalWidth=0"
https://technologyrental.sg/laptop-rental/,https://technologyrental.sg/wp-content/uploads/elementor/thumbs/Epson-Printer-Rental-2-q3qqtcrmlrh6nmtjvuuc1qst4iu9509x7uy4fgc048.jpg,"HTTP 200, naturalWidth=0"
https://technologyrental.sg/laptop-rental/,https://technologyrental.sg/wp-content/uploads/elementor/thumbs/Ruckus-ZoneFlex-R610-Indoor-AP-q3qqtdpgsligz8s6qd8ym8k9pwpmcpdnjzllwqaly0.jpg,"HTTP 200, naturalWidth=0"
https://technologyrental.sg/laptop-rental/,https://technologyrental.sg/wp-content/uploads/2025/07/barcode_scanner_rental.webp,"HTTP 200, naturalWidth=0"
https://technologyrental.sg/dell-laptop-rental/,https://technologyrental.sg/wp-content/uploads/2024/08/Dell_Laptops.jpg,"HTTP 200, naturalWidth=0"
https://technologyrental.sg/dell-laptop-rental/,https://technologyrental.sg/wp-content/uploads/2024/08/Laptop_Rental_For_Training.jpg,"HTTP 200, naturalWidth=0"
https://technologyrental.sg/dell-laptop-rental/,https://technologyrental.sg/wp-content/uploads/2024/08/Laptop_Options.jpg,"HTTP 200, naturalWidth=0"
https://technologyrental.sg/dell-laptop-rental/,https://technologyrental.sg/wp-content/uploads/elementor/thumbs/RP-q5tq2h40oc5jfzfw3z0p6y1x42watrtua5glhes1aw.jpg,"HTTP 200, naturalWidth=0"
https://technologyrental.sg/dell-laptop-rental/,https://technologyrental.sg/wp-content/uploads/2025/08/Wifi_in_a_box-3.png,"HTTP 200, naturalWidth=0"
https://technologyrental.sg/dell-laptop-rental/,https://technologyrental.sg/wp-content/uploads/elementor/thumbs/iiyama-43-Touch-Display-q3qqtcrmlrh6nmtjvuuc1qst4iu9509x7uy4fgc048.jpg,"HTTP 200, naturalWidth=0"
https://technologyrental.sg/dell-laptop-rental/,https://technologyrental.sg/wp-content/uploads/elementor/thumbs/Zebra-Barcode-Scanners-q3qqtenazfjrauqtkvnl6qbqbakzkehdw493e097rs.jpg,"HTTP 200, naturalWidth=0"
https://technologyrental.sg/lenovo-laptop-rental/,https://technologyrental.sg/wp-content/uploads/2025/05/Lenovo_ThinkPad_T460_webp.webp,"HTTP 200, naturalWidth=0"
https://technologyrental.sg/lenovo-laptop-rental/,https://technologyrental.sg/wp-content/uploads/2025/05/Lenovo_ThinkPad_T470_webp.webp,"HTTP 200, naturalWidth=0"
https://technologyrental.sg/lenovo-laptop-rental/,https://technologyrental.sg/wp-content/uploads/2025/05/Lenovo_ThinkPad_T480.webp,"HTTP 200, naturalWidth=0"
https://technologyrental.sg/lenovo-laptop-rental/,https://technologyrental.sg/wp-content/uploads/2025/05/Lenovo_ThinkPad_T490.webp,"HTTP 200, naturalWidth=0"
https://technologyrental.sg/lenovo-laptop-rental/,https://technologyrental.sg/wp-content/uploads/2025/05/Lenovo-X1.png,"HTTP 200, naturalWidth=0"
https://technologyrental.sg/lenovo-laptop-rental/,https://technologyrental.sg/wp-content/uploads/elementor/thumbs/HP-LaserJet-Pro-M281FDW-qfhk3wio765ru3bf93n7djzrwfb8bvisy6frghrvmq.webp,"HTTP 200, naturalWidth=0"
https://technologyrental.sg/lenovo-laptop-rental/,https://technologyrental.sg/wp-content/uploads/elementor/thumbs/Ruckus-ZoneFlex-T710-Outdoor-AP-q3qqtdpgt1au3f9ivk22mzy94ojxqmet7pg26576jm.jpg,"HTTP 200, naturalWidth=0"
https://technologyrental.sg/lenovo-laptop-rental/,https://technologyrental.sg/wp-content/uploads/2024/12/epson_colorworks_c3500_1.png,"HTTP 200, naturalWidth=0"
https://technologyrental.sg/lenovo-laptop-rental/,https://technologyrental.sg/wp-content/uploads/elementor/thumbs/RP-q5tq2h40orxwk5x895tt7pfwiuqm7ouzxvb1qtolwi.jpg,"HTTP 200, naturalWidth=0"
https://technologyrental.sg/hp-laptop-rental/,https://technologyrental.sg/wp-content/uploads/2024/09/microsoft_surface_pro.png,"HTTP 200, naturalWidth=0"
https://technologyrental.sg/hp-laptop-rental/,https://technologyrental.sg/wp-content/uploads/2024/09/macbook_pro_16_m1_1.png,"HTTP 200, naturalWidth=0"
https://technologyrental.sg/hp-laptop-rental/,https://technologyrental.sg/wp-content/uploads/2025/08/Wifi_in_a_box-3.png,"HTTP 200, naturalWidth=0"
https://technologyrental.sg/hp-laptop-rental/,https://technologyrental.sg/wp-content/uploads/2024/09/msi_gaming.png,"HTTP 200, naturalWidth=0"
https://technologyrental.sg/gaming-laptop-rental/,https://technologyrental.sg/wp-content/uploads/2023/12/msi-1.png,"HTTP 200, naturalWidth=0"
https://technologyrental.sg/gaming-laptop-rental/,https://technologyrental.sg/wp-content/uploads/elementor/thumbs/LG-22-Monitor-1-q3qqtdpgslih6lyfh4mvwibkiuhv2d3kdq1zj25rc2.jpg,"HTTP 200, naturalWidth=0"
https://technologyrental.sg/gaming-laptop-rental/,https://technologyrental.sg/wp-content/uploads/elementor/thumbs/Ruckus-ZoneFlex-R610-Indoor-AP-q3qqtdpgslih6lyfh4mvwibkiuhv2d3kdq1zj25rc2.jpg,"HTTP 200, naturalWidth=0"
https://technologyrental.sg/gaming-laptop-rental/,https://technologyrental.sg/wp-content/uploads/2024/09/hp_laptop.png,"HTTP 200, naturalWidth=0"
https://technologyrental.sg/gaming-laptop-rental/,https://technologyrental.sg/wp-content/uploads/elementor/thumbs/iiyama-43-Touch-Display-q3qqtcrmlrh6uzzsmm89c0k3xgmhunzu1lei1s75ia.jpg,"HTTP 200, naturalWidth=0"
https://technologyrental.sg/windows-laptop-rental/,https://technologyrental.sg/wp-content/uploads/elementor/thumbs/Rent-Star-Receipt-Printer-TSP143-Lightning-iOS-q3qqtdpgt1atw23a4so5cq6ybqrp0yowdyzojtc15k.jpg,"HTTP 200, naturalWidth=0"
https://technologyrental.sg/windows-laptop-rental/,https://technologyrental.sg/wp-content/uploads/2025/07/barcode_scanner_rental.webp,"HTTP 200, naturalWidth=0"
https://technologyrental.sg/windows-laptop-rental/,https://technologyrental.sg/wp-content/uploads/elementor/thumbs/MacBook-Pro-Retina-15-qqi3m5ljexi5lz7ivbysusxag3vjmdn1zmhe6a6z88.jpg,"HTTP 200, naturalWidth=0"
https://technologyrental.sg/microsoft-surface-pro-rental/,https://technologyrental.sg/wp-content/uploads/2023/03/Microsoft-Surface-Pro-Keyboard.jpg,"HTTP 200, naturalWidth=0"
https://technologyrental.sg/microsoft-surface-pro-rental/,https://technologyrental.sg/wp-content/uploads/2024/12/Epson_C4000_Printer-1.png,"HTTP 200, naturalWidth=0"
https://technologyrental.sg/microsoft-surface-pro-rental/,https://technologyrental.sg/wp-content/uploads/2024/09/hp_laptop.png,"HTTP 200, naturalWidth=0"
https://technologyrental.sg/microsoft-surface-pro-rental/,https://technologyrental.sg/wp-content/uploads/2025/07/barcode_scanner_rental.webp,"HTTP 200, naturalWidth=0"
https://technologyrental.sg/macbook-pro-rental/,https://technologyrental.sg/wp-content/uploads/2024/09/MacBook_Pro_Touchbar_Hire.jpg,"HTTP 200, naturalWidth=0"
https://technologyrental.sg/macbook-pro-rental/,https://technologyrental.sg/wp-content/uploads/2024/09/Software_Solutions.jpg,"HTTP 200, naturalWidth=0"
https://technologyrental.sg/macbook-pro-rental/,https://technologyrental.sg/wp-content/uploads/2024/07/iMacs.png,"HTTP 200, naturalWidth=0"
https://technologyrental.sg/macbook-pro-rental/,https://technologyrental.sg/wp-content/uploads/2024/07/iPhones.png,"HTTP 200, naturalWidth=0"
https://technologyrental.sg/macbook-pro-rental/,https://technologyrental.sg/wp-content/uploads/2024/07/iPads.png,"HTTP 200, naturalWidth=0"
https://technologyrental.sg/macbook-pro-rental/,https://technologyrental.sg/wp-content/uploads/2025/05/24-hours.png,"HTTP 200, naturalWidth=0"
https://technologyrental.sg/macbook-pro-rental/,https://technologyrental.sg/wp-content/uploads/2025/05/wordwide_delivery.png,"HTTP 200, naturalWidth=0"
https://technologyrental.sg/macbook-pro-rental/,https://technologyrental.sg/wp-content/uploads/2025/05/inventory.png,"HTTP 200, naturalWidth=0"
https://technologyrental.sg/macbook-pro-rental/,https://technologyrental.sg/wp-content/uploads/2025/05/worldwide_presence.png,"HTTP 200, naturalWidth=0"
https://technologyrental.sg/macbook-pro-rental/,https://technologyrental.sg/wp-content/uploads/2025/05/flexible.png,"HTTP 200, naturalWidth=0"
https://technologyrental.sg/macbook-pro-rental/,https://technologyrental.sg/wp-content/uploads/2025/05/tested_approved.png,"HTTP 200, naturalWidth=0"
https://technologyrental.sg/macbook-pro-rental/,https://technologyrental.sg/wp-content/uploads/elementor/thumbs/ZEBRA-ZD500R-RFID-Printer-q3qqtenazvc47o1wzb2rx7yex4n28nsmq3n613amzc.jpg,"HTTP 200, naturalWidth=0"
https://technologyrental.sg/macbook-pro-rental/,https://technologyrental.sg/wp-content/uploads/elementor/thumbs/iiyama-55-Touch-Display-q3qqtcrmm79jkg4naa9is8fhqcwbt9l61uc72jdfbs.jpg,"HTTP 200, naturalWidth=0"
https://technologyrental.sg/macbook-pro-rental/,https://technologyrental.sg/wp-content/uploads/elementor/thumbs/RP-q5tq2h40orxwcsqziefvxfolpwydi15344uo4htgig.jpg,"HTTP 200, naturalWidth=0"
https://technologyrental.sg/macbook-pro-rental/,https://technologyrental.sg/wp-content/uploads/2025/08/Wifi_in_a_box-3.png,"HTTP 200, naturalWidth=0"
https://technologyrental.sg/event-wifi-rental/,https://technologyrental.sg/wp-content/uploads/2023/03/Point-to-Point-Point-to-Multipoint-Wi-Fi.jpg,"HTTP 200, naturalWidth=0"
https://technologyrental.sg/event-wifi-rental/,https://technologyrental.sg/wp-content/uploads/2023/03/Peplink-Enterprise-Router.jpg,"HTTP 200, naturalWidth=0"
https://technologyrental.sg/event-wifi-rental/,https://technologyrental.sg/wp-content/uploads/2023/03/Fibre-Optic-Cabling.jpg,"HTTP 200, naturalWidth=0"
https://technologyrental.sg/event-wifi-rental/,https://technologyrental.sg/wp-content/uploads/2023/11/Untitled-design-2023-11-30T152750.926.jpg,"HTTP 200, naturalWidth=0"
https://technologyrental.sg/event-wifi-rental/,https://technologyrental.sg/wp-content/uploads/2024/11/ipad_10th_gen_10.9_wifi_cell.png,"HTTP 200, naturalWidth=0"
https://technologyrental.sg/event-wifi-rental/,https://technologyrental.sg/wp-content/uploads/2025/08/Wifi_in_a_box-3.png,"HTTP 200, naturalWidth=0"
https://technologyrental.sg/event-wifi-rental/,https://technologyrental.sg/wp-content/uploads/2024/09/hp_laptop.png,"HTTP 200, naturalWidth=0"
https://technologyrental.sg/event-wifi-rental/,https://technologyrental.sg/wp-content/uploads/elementor/thumbs/epos-qnwgun1opo46n7xqq9tp6fprni9xn03qf7dtlwbp20.jpg,"HTTP 200, naturalWidth=0"
https://technologyrental.sg/hire-wifi-in-a-box/,https://technologyrental.sg/wp-content/uploads/2025/05/24-hours.png,"HTTP 200, naturalWidth=0"
https://technologyrental.sg/hire-wifi-in-a-box/,https://technologyrental.sg/wp-content/uploads/2025/05/wordwide_delivery.png,"HTTP 200, naturalWidth=0"
https://technologyrental.sg/hire-wifi-in-a-box/,https://technologyrental.sg/wp-content/uploads/2025/05/inventory.png,"HTTP 200, naturalWidth=0"
https://technologyrental.sg/hire-wifi-in-a-box/,https://technologyrental.sg/wp-content/uploads/2025/05/worldwide_presence.png,"HTTP 200, naturalWidth=0"
https://technologyrental.sg/hire-wifi-in-a-box/,https://technologyrental.sg/wp-content/uploads/2025/05/flexible.png,"HTTP 200, naturalWidth=0"
https://technologyrental.sg/hire-wifi-in-a-box/,https://technologyrental.sg/wp-content/uploads/2025/05/tested_approved.png,"HTTP 200, naturalWidth=0"
https://technologyrental.sg/hire-wifi-in-a-box/,https://technologyrental.sg/wp-content/uploads/elementor/thumbs/Ruckus-ZoneFlex-R610-Indoor-AP-q3qqtdpgsligz8s6qd8ym8k9pwpmcpdnjzllwqaly0.jpg,"HTTP 200, naturalWidth=0"
https://technologyrental.sg/hire-wifi-in-a-box/,https://technologyrental.sg/wp-content/uploads/2025/07/tablet_rental.webp,"HTTP 200, naturalWidth=0"
https://technologyrental.sg/hire-wifi-in-a-box/,https://technologyrental.sg/wp-content/uploads/2024/09/hp_laptop.png,"HTTP 200, naturalWidth=0"
https://technologyrental.sg/hire-wifi-in-a-box/,https://technologyrental.sg/wp-content/uploads/elementor/thumbs/epos-qnwgun1opo46n7xqq9tp6fprni9xn03qf7dtlwbp20.jpg,"HTTP 200, naturalWidth=0"
https://technologyrental.sg/temporary-wifi-rental/,https://technologyrental.sg/wp-content/uploads/2025/05/wordwide_delivery.png,"HTTP 200, naturalWidth=0"
https://technologyrental.sg/temporary-wifi-rental/,https://technologyrental.sg/wp-content/uploads/2025/05/inventory.png,"HTTP 200, naturalWidth=0"
https://technologyrental.sg/temporary-wifi-rental/,https://technologyrental.sg/wp-content/uploads/2025/05/worldwide_presence.png,"HTTP 200, naturalWidth=0"
https://technologyrental.sg/temporary-wifi-rental/,https://technologyrental.sg/wp-content/uploads/2025/05/flexible.png,"HTTP 200, naturalWidth=0"
https://technologyrental.sg/temporary-wifi-rental/,https://technologyrental.sg/wp-content/uploads/2025/05/tested_approved.png,"HTTP 200, naturalWidth=0"
https://technologyrental.sg/temporary-wifi-rental/,https://technologyrental.sg/wp-content/uploads/2025/08/Wifi_in_a_box-3.png,"HTTP 200, naturalWidth=0"
https://technologyrental.sg/temporary-wifi-rental/,https://technologyrental.sg/wp-content/uploads/2024/11/ipad_pro_10.5_wifi.png,"HTTP 200, naturalWidth=0"
https://technologyrental.sg/temporary-wifi-rental/,https://technologyrental.sg/wp-content/uploads/2024/09/hp_laptop.png,"HTTP 200, naturalWidth=0"
https://technologyrental.sg/temporary-wifi-rental/,https://technologyrental.sg/wp-content/uploads/elementor/thumbs/Ruckus-ZoneFlex-T710-Outdoor-AP-q3qqtdpgsligz8s6qd8ym8k9pwpmcpdnjzllwqaly0.jpg,"HTTP 200, naturalWidth=0"
https://technologyrental.sg/4g-internet-hire/,https://technologyrental.sg/wp-content/uploads/elementor/thumbs/Ruckus-ZoneFlex-R610-Indoor-AP-q3qqtdpgsligz8s6qd8ym8k9pwpmcpdnjzllwqaly0.jpg,"HTTP 200, naturalWidth=0"
https://technologyrental.sg/4g-internet-hire/,https://technologyrental.sg/wp-content/uploads/elementor/thumbs/epos-qnwgun1opo46n7xqq9tp6fprni9xn03qf7dtlwbp20.jpg,"HTTP 200, naturalWidth=0"
https://technologyrental.sg/mac-rental/,https://technologyrental.sg/wp-content/uploads/elementor/thumbs/Apple_Mac_Rentals-qvdvz04qpr8pacb5aepair9nxgelxyz88lwfqnwqx0.jpeg,"HTTP 200, naturalWidth=0"
https://technologyrental.sg/mac-rental/,https://technologyrental.sg/wp-content/uploads/2024/10/macbook_pro_14_m1_1.png,"HTTP 200, naturalWidth=0"
https://technologyrental.sg/mac-rental/,https://technologyrental.sg/wp-content/uploads/2024/10/macbook_pro_16_m1.png,"HTTP 200, naturalWidth=0"
https://technologyrental.sg/mac-rental/,https://technologyrental.sg/wp-content/uploads/2024/10/mac_mini.png,"HTTP 200, naturalWidth=0"
https://technologyrental.sg/mac-rental/,https://technologyrental.sg/wp-content/uploads/2024/10/mac_pro.png,"HTTP 200, naturalWidth=0"
https://technologyrental.sg/mac-rental/,https://technologyrental.sg/wp-content/uploads/2024/10/mac_pro_2019.png,"HTTP 200, naturalWidth=0"
https://technologyrental.sg/mac-rental/,https://technologyrental.sg/wp-content/uploads/2025/07/tablet_rental.webp,"HTTP 200, naturalWidth=0"
https://technologyrental.sg/mac-rental/,https://technologyrental.sg/wp-content/uploads/2024/09/hp_laptop.png,"HTTP 200, naturalWidth=0"
https://technologyrental.sg/mac-rental/,https://technologyrental.sg/wp-content/uploads/elementor/thumbs/LG-22-Monitor-1-q3qqtdpgt1atw23a4so5cq6ybqrp0yowdyzojtc15k.jpg,"HTTP 200, naturalWidth=0"
https://technologyrental.sg/imac-rental/,https://technologyrental.sg/wp-content/uploads/elementor/thumbs/Iiyama-24-Monitor-1-1-q3qqtcrmm79jrtaw11ng2i6sjaokixb2vkskov8kpu.jpg,"HTTP 200, naturalWidth=0"
https://technologyrental.sg/imac-rental/,https://technologyrental.sg/wp-content/uploads/2024/11/dell_laptop.png,"HTTP 200, naturalWidth=0"
https://technologyrental.sg/imac-rental/,https://technologyrental.sg/wp-content/uploads/2025/07/tablet_rental.webp,"HTTP 200, naturalWidth=0"
https://technologyrental.sg/android-phone-rental/,https://technologyrental.sg/wp-content/uploads/2024/11/ipad_10th_gen_10.9_wifi_cell.png,"HTTP 200, naturalWidth=0"
https://technologyrental.sg/android-phone-rental/,https://technologyrental.sg/wp-content/uploads/2025/07/tablet_rental.webp,"HTTP 200, naturalWidth=0"
https://technologyrental.sg/android-phone-rental/,https://technologyrental.sg/wp-content/uploads/2024/11/iphone_13.png,"HTTP 200, naturalWidth=0"
https://technologyrental.sg/iphone-rental/,https://technologyrental.sg/wp-content/uploads/2024/08/iPhone_14_220x220.png,"HTTP 200, naturalWidth=0"
https://technologyrental.sg/iphone-rental/,https://technologyrental.sg/wp-content/uploads/2024/08/iPhone_14_Plus_220x220.png,"HTTP 200, naturalWidth=0"
https://technologyrental.sg/iphone-rental/,https://technologyrental.sg/wp-content/uploads/2024/08/iPhone_14_Pro_Max_220x220.png,"HTTP 200, naturalWidth=0"
https://technologyrental.sg/iphone-rental/,https://technologyrental.sg/wp-content/uploads/2024/08/iPhone_13_Pro_Max_220x220.png,"HTTP 200, naturalWidth=0"
https://technologyrental.sg/iphone-rental/,https://technologyrental.sg/wp-content/uploads/2024/08/iPhone_13_220x220.png,"HTTP 200, naturalWidth=0"
https://technologyrental.sg/iphone-rental/,https://technologyrental.sg/wp-content/uploads/2024/08/iPhone_13_Mini_220x220.png,"HTTP 200, naturalWidth=0"
https://technologyrental.sg/iphone-rental/,https://technologyrental.sg/wp-content/uploads/2024/08/iPhone_13_Pro_220x220.png,"HTTP 200, naturalWidth=0"
https://technologyrental.sg/iphone-rental/,https://technologyrental.sg/wp-content/uploads/2024/08/iPhone_12_220x220.png,"HTTP 200, naturalWidth=0"
https://technologyrental.sg/iphone-rental/,https://technologyrental.sg/wp-content/uploads/2024/08/iPhone_12_Mini_220x220.png,"HTTP 200, naturalWidth=0"
https://technologyrental.sg/iphone-rental/,https://technologyrental.sg/wp-content/uploads/2024/08/iPhone_12_Pro_220x220.png,"HTTP 200, naturalWidth=0"
https://technologyrental.sg/iphone-rental/,https://technologyrental.sg/wp-content/uploads/2024/08/iPhone_12_Pro_Max_220x220.png,"HTTP 200, naturalWidth=0"
https://technologyrental.sg/iphone-rental/,https://technologyrental.sg/wp-content/uploads/2024/08/iPhone_11_220x220.png,"HTTP 200, naturalWidth=0"
https://technologyrental.sg/iphone-rental/,https://technologyrental.sg/wp-content/uploads/2024/08/iPhone_11_Pro_Max_220x220.png,"HTTP 200, naturalWidth=0"
https://technologyrental.sg/iphone-rental/,https://technologyrental.sg/wp-content/uploads/2024/08/iPhone_11_Pro_220x220.png,"HTTP 200, naturalWidth=0"
https://technologyrental.sg/iphone-rental/,https://technologyrental.sg/wp-content/uploads/2024/08/iPhone_Xs_Max_220x220.png,"HTTP 200, naturalWidth=0"
https://technologyrental.sg/iphone-rental/,https://technologyrental.sg/wp-content/uploads/2024/08/iPhone_Xr_220x220.png,"HTTP 200, naturalWidth=0"
https://technologyrental.sg/iphone-rental/,https://technologyrental.sg/wp-content/uploads/2024/08/iPhone_X_220x220.png,"HTTP 200, naturalWidth=0"
https://technologyrental.sg/iphone-rental/,https://technologyrental.sg/wp-content/uploads/2024/08/iPhone_Xs_220x220.png,"HTTP 200, naturalWidth=0"
https://technologyrental.sg/iphone-rental/,https://technologyrental.sg/wp-content/uploads/2024/08/Iphone_8_220x220-1.png,"HTTP 200, naturalWidth=0"
https://technologyrental.sg/iphone-rental/,https://technologyrental.sg/wp-content/uploads/2024/08/iPhone_8_Plus_220x220.png,"HTTP 200, naturalWidth=0"
https://technologyrental.sg/iphone-rental/,https://technologyrental.sg/wp-content/uploads/2024/02/Anti-Theft-Phone-Holder.png,"HTTP 200, naturalWidth=0"
https://technologyrental.sg/iphone-rental/,https://technologyrental.sg/wp-content/uploads/2024/02/Battery-Case.png,"HTTP 200, naturalWidth=0"
https://technologyrental.sg/iphone-rental/,https://technologyrental.sg/wp-content/uploads/2024/02/Power-Bank.png,"HTTP 200, naturalWidth=0"
https://technologyrental.sg/iphone-rental/,https://technologyrental.sg/wp-content/uploads/2024/02/Tripods.png,"HTTP 200, naturalWidth=0"
https://technologyrental.sg/iphone-rental/,https://technologyrental.sg/wp-content/uploads/2024/02/Ring-Lights.png,"HTTP 200, naturalWidth=0"
https://technologyrental.sg/iphone-rental/,https://technologyrental.sg/wp-content/uploads/2024/02/Sim.png,"HTTP 200, naturalWidth=0"
https://technologyrental.sg/iphone-rental/,https://technologyrental.sg/wp-content/uploads/2024/09/Technology_Rental.jpg,"HTTP 200, naturalWidth=0"
https://technologyrental.sg/iphone-rental/,https://technologyrental.sg/wp-content/uploads/2024/11/ipad_10th_gen_10.9_wifi_cell.png,"HTTP 200, naturalWidth=0"
https://technologyrental.sg/iphone-rental/,https://technologyrental.sg/wp-content/uploads/2025/07/tablet_rental.webp,"HTTP 200, naturalWidth=0"
https://technologyrental.sg/iphone-rental/,https://technologyrental.sg/wp-content/uploads/2025/08/Wifi_in_a_box-3.png,"HTTP 200, naturalWidth=0"
https://technologyrental.sg/iphone-rental/,https://technologyrental.sg/wp-content/uploads/elementor/thumbs/Apple_Homepod-r8xchfbdxmiax7nm2ugpya0oezxtd7iyicqk18265e.png,"HTTP 200, naturalWidth=0"
https://technologyrental.sg/event-av-rental/,https://technologyrental.sg/wp-content/uploads/2023/11/Giant-Tablet-27.jpg,"HTTP 200, naturalWidth=0"
https://technologyrental.sg/event-av-rental/,https://technologyrental.sg/wp-content/uploads/2023/11/Giant-Tablet-42.jpg,"HTTP 200, naturalWidth=0"
https://technologyrental.sg/event-av-rental/,https://technologyrental.sg/wp-content/uploads/2023/11/Giant-Tablet-55.jpg,"HTTP 200, naturalWidth=0"
https://technologyrental.sg/event-av-rental/,https://technologyrental.sg/wp-content/uploads/2023/11/OPTOMA-FULL-HD-BUSINESS-PROJECTOR.jpg,"HTTP 200, naturalWidth=0"
https://technologyrental.sg/event-av-rental/,https://technologyrental.sg/wp-content/uploads/2023/11/EPSON-FULL-HD-BUSINESS-PROJECTOR.jpg,"HTTP 200, naturalWidth=0"
https://technologyrental.sg/event-av-rental/,https://technologyrental.sg/wp-content/uploads/2023/11/MicrosoftTeams-image-1.jpg,"HTTP 200, naturalWidth=0"
https://technologyrental.sg/event-av-rental/,https://technologyrental.sg/wp-content/uploads/2023/11/MicrosoftTeams-image-1-1.jpg,"HTTP 200, naturalWidth=0"
https://technologyrental.sg/event-av-rental/,https://technologyrental.sg/wp-content/uploads/2023/11/SENNHEISER-XSW-1-835.jpg,"HTTP 200, naturalWidth=0"
https://technologyrental.sg/event-av-rental/,https://technologyrental.sg/wp-content/uploads/2023/11/SENNHEISER-EW100-G4-ME2-GB-LAPEL-MIC.jpg,"HTTP 200, naturalWidth=0"
https://technologyrental.sg/event-av-rental/,https://technologyrental.sg/wp-content/uploads/2023/11/MicrosoftTeams-image-3.jpg,"HTTP 200, naturalWidth=0"
https://technologyrental.sg/event-av-rental/,https://technologyrental.sg/wp-content/uploads/2023/11/MicrosoftTeams-image-1.png,"HTTP 200, naturalWidth=0"
https://technologyrental.sg/event-av-rental/,https://technologyrental.sg/wp-content/uploads/2023/11/MicrosoftTeams-image-2.png,"HTTP 200, naturalWidth=0"
https://technologyrental.sg/event-av-rental/,https://technologyrental.sg/wp-content/uploads/2023/11/MicrosoftTeams-image-3-1.jpg,"HTTP 200, naturalWidth=0"
https://technologyrental.sg/event-av-rental/,https://technologyrental.sg/wp-content/uploads/2023/12/Updated-image-for-staging-solution.webp,"HTTP 200, naturalWidth=0"
https://technologyrental.sg/event-av-rental/,https://technologyrental.sg/wp-content/uploads/elementor/thumbs/RP-q5tq2h40oc5jfzfw3z0p6y1x42watrtua5glhes1aw.jpg,"HTTP 200, naturalWidth=0"
https://technologyrental.sg/event-av-rental/,https://technologyrental.sg/wp-content/uploads/2024/11/4g_lte_mifi_router.png,"HTTP 200, naturalWidth=0"
https://technologyrental.sg/event-av-rental/,https://technologyrental.sg/wp-content/uploads/2024/09/hp_laptop.png,"HTTP 200, naturalWidth=0"
https://technologyrental.sg/event-av-rental/,https://technologyrental.sg/wp-content/uploads/elementor/thumbs/iiyama-43-Touch-Display-q3qqtcrmlrh6nmtjvuuc1qst4iu9509x7uy4fgc048.jpg,"HTTP 200, naturalWidth=0"
https://technologyrental.sg/vr-rental/,https://technologyrental.sg/wp-content/uploads/2023/10/hololens-2.jpg,"HTTP 200, naturalWidth=0"
https://technologyrental.sg/vr-rental/,https://technologyrental.sg/wp-content/uploads/2023/11/s22.jpg,"HTTP 200, naturalWidth=0"
https://technologyrental.sg/vr-rental/,https://technologyrental.sg/wp-content/uploads/2023/11/1-3-1.jpg,"HTTP 200, naturalWidth=0"
https://technologyrental.sg/vr-rental/,https://technologyrental.sg/wp-content/uploads/2023/11/2-4.jpg,"HTTP 200, naturalWidth=0"
https://technologyrental.sg/vr-rental/,https://technologyrental.sg/wp-content/uploads/2023/10/samsung-s51.jpg,"HTTP 200, naturalWidth=0"
https://technologyrental.sg/vr-rental/,https://technologyrental.sg/wp-content/uploads/2023/10/samsung-s51.jpg,"HTTP 200, naturalWidth=0"
https://technologyrental.sg/vr-rental/,https://technologyrental.sg/wp-content/uploads/2023/06/MSI-Gaming.jpg,"HTTP 200, naturalWidth=0"
https://technologyrental.sg/vr-rental/,https://technologyrental.sg/wp-content/uploads/2024/08/Vr_Rental_Hire.jpg,"HTTP 200, naturalWidth=0"
https://technologyrental.sg/vr-rental/,https://technologyrental.sg/wp-content/uploads/2024/08/Virtual_Reality_Rental.jpg,"HTTP 200, naturalWidth=0"
https://technologyrental.sg/vr-rental/,https://technologyrental.sg/wp-content/uploads/2024/11/ipad_10th_gen_10.9_wifi_cell.png,"HTTP 200, naturalWidth=0"
https://technologyrental.sg/vr-rental/,https://technologyrental.sg/wp-content/uploads/elementor/thumbs/TV-SCREEN-qffz924rveeaunzo8nhn8t3w6q3qdnnsviucqjqufs.jpg,"HTTP 200, naturalWidth=0"
https://technologyrental.sg/vr-rental/,https://technologyrental.sg/wp-content/uploads/2024/09/hp_laptop.png,"HTTP 200, naturalWidth=0"
https://technologyrental.sg/vr-rental/,https://technologyrental.sg/wp-content/uploads/elementor/thumbs/iiyama-43-Touch-Display-q3qqtcrmlrh6nmtjvuuc1qst4iu9509x7uy4fgc048.jpg,"HTTP 200, naturalWidth=0"
https://technologyrental.sg/led-wall-rental/,https://technologyrental.sg/wp-content/uploads/2024/09/Outdoor-LED-Video-Wall.jpg,"HTTP 200, naturalWidth=0"
https://technologyrental.sg/led-wall-rental/,https://technologyrental.sg/wp-content/uploads/2024/09/Indoor-LED-Video-Wall.jpg,"HTTP 200, naturalWidth=0"
https://technologyrental.sg/led-wall-rental/,https://technologyrental.sg/wp-content/uploads/2024/09/Large-LED-Video-Wall.jpg,"HTTP 200, naturalWidth=0"
https://technologyrental.sg/led-wall-rental/,https://technologyrental.sg/wp-content/uploads/2024/09/Large-LED-Video-Wall-2.jpg,"HTTP 200, naturalWidth=0"
https://technologyrental.sg/led-wall-rental/,https://technologyrental.sg/wp-content/uploads/2024/08/Technology_Solutions-1.jpg,"HTTP 200, naturalWidth=0"
https://technologyrental.sg/led-wall-rental/,https://technologyrental.sg/wp-content/uploads/elementor/thumbs/Iiyama-27-Touch-Display-1-1-q3qqtcrmlrh6nmtjvuuc1qst4iu9509x7uy4fgc048.jpg,"HTTP 200, naturalWidth=0"
https://technologyrental.sg/led-wall-rental/,https://technologyrental.sg/wp-content/uploads/2024/11/4g_lte_mifi_router.png,"HTTP 200, naturalWidth=0"
https://technologyrental.sg/led-wall-rental/,https://technologyrental.sg/wp-content/uploads/elementor/thumbs/LG-22-Monitor-1-q3qqtdpgsligz8s6qd8ym8k9pwpmcpdnjzllwqaly0.jpg,"HTTP 200, naturalWidth=0"
https://technologyrental.sg/led-wall-rental/,https://technologyrental.sg/wp-content/uploads/elementor/thumbs/tablet_rental-r8vmxs2wadgfvktx5czaa48gv2ses1uj26x4chcrko.webp,"HTTP 200, naturalWidth=0"
https://technologyrental.sg/microphone-rental/,https://technologyrental.sg/wp-content/uploads/elementor/thumbs/Yamaha-DXR12-PA-Active-Speaker-q3qqtenazfjrauqtkvnl6qbqbakzkehdw493e097rs.jpg,"HTTP 200, naturalWidth=0"
https://technologyrental.sg/microphone-rental/,https://technologyrental.sg/wp-content/uploads/elementor/thumbs/Projector-Hire-1-q3qqtdpgsligz8s6qd8ym8k9pwpmcpdnjzllwqaly0.jpg,"HTTP 200, naturalWidth=0"
https://technologyrental.sg/microphone-rental/,https://technologyrental.sg/wp-content/uploads/elementor/thumbs/Allen-Heath-Qu-16-Digital-Mixer-q3qqtcrmlrh6nmtjvuuc1qst4iu9509x7uy4fgc048.jpg,"HTTP 200, naturalWidth=0"
https://technologyrental.sg/microphone-rental/,https://technologyrental.sg/wp-content/uploads/2024/11/lg_22_monitor.png,"HTTP 200, naturalWidth=0"
https://technologyrental.sg/monitor-rental/,https://technologyrental.sg/wp-content/uploads/elementor/thumbs/iiyama-86-Touch-Display-q3qqtcrmlrh6nmtjvuuc1qst4iu9509x7uy4fgc048.jpg,"HTTP 200, naturalWidth=0"
https://technologyrental.sg/monitor-rental/,https://technologyrental.sg/wp-content/uploads/2024/11/4g_lte_mifi_router.png,"HTTP 200, naturalWidth=0"
https://technologyrental.sg/monitor-rental/,https://technologyrental.sg/wp-content/uploads/2024/09/hp_laptop.png,"HTTP 200, naturalWidth=0"
https://technologyrental.sg/monitor-rental/,https://technologyrental.sg/wp-content/uploads/elementor/thumbs/Allen-Heath-Qu-16-Digital-Mixer-q3qqtcrmlrh6nmtjvuuc1qst4iu9509x7uy4fgc048.jpg,"HTTP 200, naturalWidth=0"
https://technologyrental.sg/pa-system-rental/,https://technologyrental.sg/wp-content/uploads/elementor/thumbs/Yamaha-DXR12-PA-Active-Speaker-q3qqtenazfjrauqtkvnl6qbqbakzkehdw493e097rs.jpg,"HTTP 200, naturalWidth=0"
https://technologyrental.sg/pa-system-rental/,https://technologyrental.sg/wp-content/uploads/elementor/thumbs/Projector-Hire-1-q3qqtdpgsligz8s6qd8ym8k9pwpmcpdnjzllwqaly0.jpg,"HTTP 200, naturalWidth=0"
https://technologyrental.sg/pa-system-rental/,https://technologyrental.sg/wp-content/uploads/elementor/thumbs/iiyama-65-Touch-Display-q3qqtcrmlrh6nmtjvuuc1qst4iu9509x7uy4fgc048.jpg,"HTTP 200, naturalWidth=0"
https://technologyrental.sg/pa-system-rental/,https://technologyrental.sg/wp-content/uploads/2025/07/digital_signage-rental.webp,"HTTP 200, naturalWidth=0"
https://technologyrental.sg/projector-rental/,https://technologyrental.sg/wp-content/uploads/2024/05/Lightning-to-VGA-Adapter.jpg,"HTTP 200, naturalWidth=0"
https://technologyrental.sg/projector-rental/,https://technologyrental.sg/wp-content/uploads/2024/05/Usb-cToLightning.png,"HTTP 200, naturalWidth=0"
https://technologyrental.sg/projector-rental/,https://technologyrental.sg/wp-content/uploads/2024/05/lightningToHdmiAdapter.png,"HTTP 200, naturalWidth=0"
https://technologyrental.sg/projector-rental/,https://technologyrental.sg/wp-content/uploads/2024/05/displayPortToHDMI.png,"HTTP 200, naturalWidth=0"
https://technologyrental.sg/projector-rental/,https://technologyrental.sg/wp-content/uploads/2024/05/miniDisplayPort.png,"HTTP 200, naturalWidth=0"
https://technologyrental.sg/projector-rental/,https://technologyrental.sg/wp-content/uploads/2025/05/24-hours.png,"HTTP 200, naturalWidth=0"
https://technologyrental.sg/projector-rental/,https://technologyrental.sg/wp-content/uploads/2025/05/wordwide_delivery.png,"HTTP 200, naturalWidth=0"
https://technologyrental.sg/projector-rental/,https://technologyrental.sg/wp-content/uploads/2025/05/inventory.png,"HTTP 200, naturalWidth=0"
https://technologyrental.sg/projector-rental/,https://technologyrental.sg/wp-content/uploads/2025/05/worldwide_presence.png,"HTTP 200, naturalWidth=0"
https://technologyrental.sg/projector-rental/,https://technologyrental.sg/wp-content/uploads/2025/05/flexible.png,"HTTP 200, naturalWidth=0"
https://technologyrental.sg/projector-rental/,https://technologyrental.sg/wp-content/uploads/2025/05/tested_approved.png,"HTTP 200, naturalWidth=0"
https://technologyrental.sg/projector-rental/,https://technologyrental.sg/wp-content/uploads/2025/07/LED_Video_Wall_Panels.webp,"HTTP 200, naturalWidth=0"
https://technologyrental.sg/projector-rental/,https://technologyrental.sg/wp-content/uploads/elementor/thumbs/iiyama-55-Touch-Display-q3qqtcrmlrh6nmtjvuuc1qst4iu9509x7uy4fgc048.jpg,"HTTP 200, naturalWidth=0"
https://technologyrental.sg/projector-rental/,https://technologyrental.sg/wp-content/uploads/2024/11/ipad_10th_gen_10.9_wifi_cell.png,"HTTP 200, naturalWidth=0"
https://technologyrental.sg/projector-rental/,https://technologyrental.sg/wp-content/uploads/elementor/thumbs/Allen-Heath-Qu-16-Digital-Mixer-q3qqtcrmlrh6nmtjvuuc1qst4iu9509x7uy4fgc048.jpg,"HTTP 200, naturalWidth=0"
https://technologyrental.sg/touch-screen-rental/,https://technologyrental.sg/wp-content/uploads/2025/07/tablet_rental.webp,"HTTP 200, naturalWidth=0"
https://technologyrental.sg/touch-screen-rental/,https://technologyrental.sg/wp-content/uploads/2024/11/4g_lte_mifi_router.png,"HTTP 200, naturalWidth=0"
https://technologyrental.sg/touch-screen-rental/,https://technologyrental.sg/wp-content/uploads/2024/09/hp_laptop.png,"HTTP 200, naturalWidth=0"
https://technologyrental.sg/touch-screen-rental/,https://technologyrental.sg/wp-content/uploads/2024/11/lg_22_monitor.png,"HTTP 200, naturalWidth=0"
